mAP@0.5,mAP@0.5:0.95,precision,recall
0.6135753415165408,0.4196406676252526,0.7098832435318694,0.5422017379712454
