run_name,label,imgsz,epochs,batch,wall_time_sec,val_mAP50,val_mAP50_95,val_precision,val_recall,final_csv_mAP50,final_csv_mAP50_95,final_csv_precision,final_csv_recall,final_train_box_loss,final_val_box_loss,best_weights,results_csv
01_imgsz_416,imgsz_416,416,5,16,698.5406703948975,0.5412888791072293,0.36981210347867144,0.676126824209274,0.4786271963485351,0.54098,0.37046,0.66381,0.48522,1.25543,1.18157,/content/runs/task3_resolution_20260320_164737/01_imgsz_416/weights/best.pt,/content/runs/task3_resolution_20260320_164737/01_imgsz_416/results.csv
02_imgsz_640,imgsz_640,640,5,16,886.4663863182068,0.6135753415165408,0.4196406676252526,0.7098832435318694,0.5422017379712454,0.61218,0.41776,0.70653,0.54098,1.17833,1.11473,/content/runs/task3_resolution_20260320_164737/02_imgsz_640/weights/best.pt,/content/runs/task3_resolution_20260320_164737/02_imgsz_640/results.csv
03_imgsz_800,imgsz_800,800,5,16,1158.3191618919373,0.6359285560938921,0.43145718414120027,0.7449124377737505,0.5394294748682431,0.63526,0.43171,0.71737,0.54965,1.15538,1.09853,/content/runs/task3_resolution_20260320_164737/03_imgsz_800/weights/best.pt,/content/runs/task3_resolution_20260320_164737/03_imgsz_800/results.csv
